idx,t_s,msgs,thr_msg_s,lat_avg,lat_p50,lat_p99,lat_p999,lat_max,rss_mb
0,30.0,4503619,149891,286.39,284,566,589,613,1116.2
1,60.1,4501434,150018,281.71,277,564,587,631,1304.2
2,90.1,4505207,150059,285.82,284,566,590,692,1353.1
3,120.1,4506930,150171,283.19,280,564,587,611,1507.0
4,150.1,4496919,149862,284.44,281,565,587,609,1635.5
5,180.1,4506093,150168,283.76,280,566,589,610,1835.9
6,210.1,4494691,149818,283.75,280,566,588,612,2057.2
7,240.1,4506162,150175,285.72,283,565,588,620,2218.6
8,270.1,4496743,149881,282.33,279,564,587,610,2446.5
9,300.1,4497632,149831,285.55,283,566,589,615,2596.4
10,330.2,4510899,150238,281.96,278,563,587,611,2782.0
11,360.2,4497418,149824,285.35,282,567,588,615,2942.8
12,390.2,4506787,150206,282.93,279,563,587,616,3104.6
13,420.2,4499494,149918,284.57,282,565,587,608,3203.4
14,450.2,4502946,150063,283.98,281,565,588,613,3399.5
15,480.2,4496987,149880,284.86,282,566,590,617,3557.2
16,510.2,4501144,149938,285.79,283,565,588,619,3631.4
17,540.2,4503586,150060,282.19,278,565,587,612,3754.8
18,570.3,4503559,150109,286.31,284,566,589,611,3849.9
19,600.3,4493346,149718,282.46,279,564,589,622,3979.2
20,630.3,4505082,150139,285.47,282,567,589,614,4095.4
21,660.3,4500002,149955,283.56,281,565,589,653,4240.2
22,690.3,4507872,150217,284.96,282,567,589,656,4392.1
23,720.3,4498787,149960,283.84,281,565,587,623,4536.6
24,750.3,4502934,150013,283.74,280,565,588,609,4661.2
25,780.3,4503269,150104,285.43,283,565,587,609,4746.2
26,810.3,4493003,149767,283.39,280,565,588,605,4875.5
27,840.3,4502989,150050,285.75,284,565,587,605,4971.3
28,870.3,4503274,150044,283.21,279,565,588,612,5071.6
29,900.4,4496980,149839,285.46,283,566,587,606,5123.3
30,930.4,4503916,150066,283.15,280,565,588,617,5204.2
31,960.4,4511439,150251,284.78,282,565,588,609,5308.3
32,990.4,4496754,149842,284.26,281,565,589,678,5365.1
33,1020.4,4509695,150273,283.25,280,565,587,606,5441.3
34,1050.4,4492450,149743,285.37,283,566,589,624,5535.7
35,1080.4,4506420,150214,282.77,279,564,587,610,5606.6
36,1110.4,4495351,149820,285.85,283,566,589,613,5734.8
37,1140.4,4502633,150088,282.75,279,564,588,679,5846.1
38,1170.4,4509928,150326,285.06,282,566,589,614,5932.3
39,1200.4,4489320,149574,283.34,280,565,588,619,5965.1
40,1230.5,4504169,150089,284.07,281,566,588,619,6051.1
41,1260.5,4497760,149741,284.42,281,565,588,615,6158.1
42,1290.5,4514154,150216,283.91,281,564,587,607,6248.4
43,1320.6,4508001,150192,285.49,283,566,588,619,6298.1
44,1350.6,4498030,149849,282.65,280,565,588,622,6366.5
45,1380.6,4498125,149928,285.73,283,566,589,616,6447.8
46,1410.6,4504531,150046,282.86,279,564,587,617,6562.0
47,1440.6,4501063,150035,285.62,283,566,589,621,6695.7
48,1470.6,4505298,150142,283.52,280,564,588,611,6794.1
49,1500.6,4493455,149732,284.96,282,565,588,625,6904.7
50,1530.6,4508960,150274,284.73,282,565,589,636,6981.3
51,1560.6,4500055,149972,283.78,281,566,588,615,7085.7
52,1590.7,4499678,149819,285.69,283,566,589,667,7126.0
53,1620.7,4503355,149967,282.72,279,565,588,607,7191.7
54,1650.7,4505367,150054,285.76,283,567,588,609,7245.1
55,1680.7,4497428,149874,282.97,279,565,588,612,7331.4
56,1710.8,4516566,150292,285.91,283,566,589,619,7403.6
57,1740.8,4493723,149786,283.45,280,565,588,620,7475.8
58,1770.8,4508494,150273,283.85,280,565,588,609,7555.9
