t_s,thr_msg_s,avg_ms,p50_ms,p99_ms,p999_ms,max_ms,rss_mb
30.0,149998,4.60,4,19,40,115,834.6
60.0,150001,4.95,4,22,44,109,838.9
90.0,150009,4.57,4,18,32,83,838.9
120.0,150007,4.98,4,22,51,140,839.3
150.0,150002,4.55,4,18,33,108,839.5
180.0,150009,5.06,4,27,89,149,839.5
210.0,150008,4.32,4,16,32,73,839.8
240.0,149996,4.75,4,21,42,155,840.3
270.0,150012,4.39,4,17,34,226,840.5
300.0,150002,4.93,4,22,61,153,841.4
330.0,150007,4.57,4,17,34,107,841.9
360.0,150002,5.09,4,24,55,131,842.3
390.0,150007,4.66,4,18,34,120,842.5
420.0,150006,5.19,4,24,95,247,842.6
450.0,150006,4.62,4,18,35,111,842.6
480.0,150004,5.16,4,26,90,205,842.8
510.0,150005,4.58,4,18,34,72,842.8
540.0,150003,4.70,4,18,34,71,842.8
570.0,150005,4.59,4,18,34,118,843.1
600.0,150005,4.91,4,22,51,115,843.3
630.0,150000,4.72,4,18,36,120,843.8
660.0,150008,4.65,4,20,41,219,843.8
690.0,149989,4.44,4,18,32,84,844.2
720.0,150015,4.98,4,25,81,157,844.5
750.0,150006,4.60,4,19,38,118,845.0
780.0,149999,5.09,4,24,68,137,845.3
810.0,150004,4.76,4,20,41,89,845.4
840.0,150004,5.36,4,26,111,235,845.6
870.0,150003,4.57,4,18,33,122,845.9
900.0,150013,5.12,4,25,71,146,845.9
930.0,149999,4.64,4,19,35,114,846.4
960.0,150004,4.72,4,19,36,109,846.4
990.0,150003,4.70,4,20,35,217,846.5
1020.0,149994,6.01,4,31,109,243,846.9
1050.0,150007,5.31,4,25,46,103,847.1
1080.0,150008,5.29,4,25,69,142,847.4
1110.0,150008,5.15,4,24,41,88,847.9
1140.0,149996,4.80,4,21,42,91,847.9
1170.0,150003,4.69,4,19,37,120,847.9
1200.0,150005,5.85,4,34,182,326,848.1
1230.0,149993,4.85,4,20,41,143,848.8
1260.0,150013,5.56,4,28,65,214,849.1
1290.0,150006,5.36,4,26,48,94,850.1
1320.0,150006,5.07,4,23,43,111,850.3
1350.0,150001,4.74,4,19,37,109,850.6
1380.0,150002,4.92,4,21,53,139,850.6
1410.0,149984,4.69,4,19,34,71,850.8
1440.0,150022,4.90,4,21,36,78,850.8
1470.0,149998,4.51,4,18,33,107,851.1
1500.0,150009,4.65,4,19,36,108,851.8
1530.0,150003,4.57,4,19,34,73,852.1
1560.0,150009,4.54,4,18,32,111,852.1
1590.0,150000,4.47,4,18,33,70,852.1
1620.0,150005,4.87,4,22,42,106,852.1
1650.0,150003,4.48,4,17,32,55,852.5
1680.0,150002,5.22,4,25,97,182,853.3
1710.0,150010,4.65,4,19,36,69,853.3
1740.0,150003,5.08,4,24,53,113,853.3
1770.0,150001,4.64,4,18,34,99,853.3
