wall_s,cpu_pct,rss_mb
09:07:57,97.3,505.6
09:08:07,93.0,489.4
09:08:17,90.5,464.6
09:08:27,75.7,772.6
09:08:37,66.1,844.6
09:08:47,65.6,868.9
09:08:57,68.2,1159.0
09:09:07,66.2,1159.0
09:09:17,65.6,1159.8
09:09:27,64.3,1159.8
09:09:37,65.0,1159.8
09:09:47,67.4,1160.6
09:09:57,63.5,1169.1
09:10:07,65.1,1169.7
09:10:17,62.7,1169.7
09:10:27,64.4,1169.9
09:10:37,63.8,1170.2
09:10:47,66.3,1170.7
09:10:57,65.6,1170.7
09:11:07,65.8,1170.9
09:11:17,65.0,1171.5
09:11:27,65.7,1171.7
09:11:37,64.2,1171.7
09:11:47,64.1,1171.9
09:11:57,66.3,1171.9
09:12:07,68.2,1171.6
09:12:17,65.6,1172.9
09:12:27,64.4,1173.1
09:12:37,66.0,1173.2
09:12:47,64.6,1173.2
09:12:57,63.1,1173.2
09:13:07,64.6,1173.2
09:13:17,65.2,1173.4
09:13:27,65.5,1173.7
09:13:37,64.2,1173.9
09:13:47,64.3,1173.9
09:13:57,64.1,1173.9
09:14:07,65.5,1173.9
09:14:17,65.7,1174.2
09:14:27,64.4,1174.2
09:14:37,63.2,1174.7
09:14:47,64.6,1175.1
09:14:57,62.3,1175.1
09:15:07,64.0,1180.7
09:15:17,64.8,1180.7
09:15:27,64.8,1181.8
09:15:37,63.2,1181.8
09:15:47,62.7,1182.3
09:15:57,63.9,1182.3
09:16:07,66.8,1182.3
09:16:17,64.2,1182.3
09:16:27,63.1,1182.3
09:16:37,63.3,1182.3
09:16:47,64.6,1182.3
09:16:57,66.2,1182.3
09:17:07,65.2,1182.6
09:17:17,66.3,1182.8
09:17:27,63.8,1183.3
09:17:37,64.7,1183.3
09:17:47,63.4,1183.3
09:17:57,64.7,1183.3
09:18:07,61.7,1183.3
09:18:17,62.3,1183.3
09:18:27,60.1,1183.3
09:18:37,61.8,1183.3
09:18:47,61.3,1183.6
09:18:57,61.3,1183.8
09:19:07,64.0,1183.8
09:19:17,65.4,1184.3
09:19:27,65.6,1184.3
09:19:37,64.3,1184.3
09:19:47,63.1,1184.6
09:19:57,61.1,1185.1
09:20:07,61.5,1185.1
09:20:18,59.9,1185.3
09:20:28,62.1,1185.3
09:20:38,61.6,1185.6
09:20:48,60.6,1185.8
09:20:58,60.2,1185.8
09:21:08,59.6,1190.2
09:21:18,60.7,1190.2
09:21:28,63.8,1190.2
09:21:38,65.3,1190.2
09:21:48,61.5,1190.2
09:21:58,62.5,1190.2
09:22:08,61.1,1190.2
09:22:18,61.6,1190.7
09:22:28,61.5,1190.7
09:22:38,59.8,1190.7
09:22:48,60.7,1190.7
09:22:58,59.5,1190.7
09:23:08,61.7,1190.7
09:23:18,61.7,1191.0
09:23:28,63.1,1191.2
09:23:38,63.6,1191.2
09:23:48,63.0,1191.5
09:23:58,65.5,1191.5
09:24:08,66.1,1191.8
09:24:18,66.6,1191.8
09:24:28,65.1,1191.8
09:24:38,65.0,1191.8
09:24:48,64.7,1191.8
09:24:58,64.3,1192.1
09:25:08,63.0,1192.1
09:25:18,62.6,1192.1
09:25:28,63.8,1192.4
09:25:38,64.5,1192.4
09:25:48,65.6,1192.4
09:25:58,64.1,1192.4
09:26:08,63.9,1192.4
09:26:18,63.1,1192.6
09:26:28,64.0,1192.6
09:26:38,63.9,1192.6
09:26:48,62.6,1192.6
09:26:58,63.8,1192.6
09:27:08,65.7,1192.9
09:27:18,65.1,1193.1
09:27:28,65.3,1193.1
09:27:38,65.2,1193.4
09:27:48,66.0,1193.4
09:27:58,65.8,1193.4
09:28:08,64.6,1193.4
09:28:18,65.6,1193.4
09:28:28,65.5,1193.4
09:28:38,63.2,1193.7
09:28:48,63.3,1193.7
09:28:58,65.5,1193.7
09:29:08,65.3,1193.7
09:29:18,59.3,1193.7
09:29:28,59.7,1194.4
09:29:38,59.5,1194.4
09:29:48,58.9,1194.7
09:29:58,60.1,1194.7
09:30:08,61.7,1195.2
09:30:18,62.1,1195.2
09:30:28,59.3,1195.2
09:30:38,61.3,1195.4
09:30:48,62.6,1195.4
09:30:58,61.2,1195.7
09:31:08,61.7,1195.9
09:31:18,61.1,1195.9
09:31:28,60.3,1195.9
09:31:38,65.4,1196.5
09:31:48,65.5,1196.5
09:31:58,65.3,1197.0
09:32:08,65.3,1197.0
09:32:18,65.6,1197.2
09:32:28,65.9,1197.2
09:32:38,66.3,1197.2
09:32:48,64.5,1197.2
09:32:58,64.9,1197.2
09:33:08,65.2,1197.5
09:33:18,65.9,1197.5
09:33:28,65.4,1197.5
09:33:38,65.0,1197.5
09:33:48,66.2,1197.5
09:33:58,66.0,1197.5
09:34:08,63.9,1197.5
09:34:18,62.5,1197.5
09:34:28,62.5,1197.5
09:34:38,61.8,1197.5
09:34:48,62.2,1197.5
09:34:58,61.6,1197.5
09:35:08,65.4,1197.5
09:35:18,65.1,1197.5
09:35:28,63.9,1197.5
09:35:38,64.2,1197.5
09:35:48,62.9,1197.5
09:35:58,63.6,1197.5
09:36:08,66.8,1197.6
09:36:18,65.0,1197.6
09:36:28,65.8,1197.6
09:36:38,65.7,1197.6
09:36:48,64.2,1197.6
09:36:58,65.9,1197.6
09:37:09,65.9,1197.6
09:37:19,65.5,1197.8
09:37:29,66.2,1197.8
09:37:39,65.1,1197.8
09:37:49,65.1,1197.8
