idx,t_s,msgs,thr_msg_s,lat_avg,lat_p50,lat_p99,lat_p999,lat_max
0,10.0,1704587,170288,276.81,274,549,594,637
1,20.0,1702770,170158,275.82,273,543,594,631
2,30.0,1696835,169616,275.75,273,547,590,635
3,40.0,1702906,170086,273.14,270,542,591,629
4,50.0,1696403,169623,273.77,271,542,593,631
5,60.1,1706783,169931,264.82,259,542,593,629
6,70.1,1700816,169725,274.14,271,543,596,627
7,80.1,1702921,170156,273.65,271,539,579,611
8,90.1,1702868,170236,274.22,271,544,590,626
9,100.1,1696599,169592,274.35,271,543,593,630
10,110.1,1702733,170256,274.67,272,543,594,631
11,120.1,1699694,169952,264.57,258,540,593,635
12,130.1,1695720,169250,273.38,270,540,588,624
13,140.1,1702717,170255,275.04,272,544,594,630
14,150.2,1693031,169066,274.49,272,542,589,626
15,160.2,1695477,169429,274.83,272,545,605,796
16,170.2,1698309,169171,274.67,272,541,590,623
17,180.2,1703963,170243,265.65,260,540,589,631
18,190.2,1694384,169066,273.52,270,548,593,640
19,200.3,1696191,169264,274.76,271,546,596,639
20,210.3,1690267,169027,274.99,272,543,589,627
21,220.3,1705060,169708,274.00,271,539,588,624
22,230.3,1700388,169666,273.68,270,544,593,636
23,240.3,1701301,169926,265.34,259,542,591,630
24,250.4,1694499,169298,273.62,270,545,591,625
25,260.4,1700387,169852,274.19,271,541,588,622
26,270.4,1697028,169686,273.85,272,539,587,632
27,280.4,1700448,169824,274.06,271,545,591,627
28,290.4,1700735,169751,273.95,271,546,597,626
29,300.4,1703380,169964,263.95,258,540,585,617
30,310.4,1694356,169436,271.53,268,542,587,626
31,320.4,1696660,169344,273.29,270,542,584,630
32,330.5,1698937,169741,272.97,269,541,592,633
33,340.5,1698530,169785,272.48,269,544,591,622
34,350.5,1692395,169087,272.74,269,544,596,622
35,360.5,1700251,170025,265.21,260,540,588,618
36,370.5,1698016,169632,270.70,268,541,588,625
37,380.5,1694262,169139,272.83,270,542,591,618
38,390.5,1700528,170002,272.61,270,540,592,629
39,400.5,1698682,169817,272.39,269,540,586,619
40,410.5,1703875,169912,272.05,269,539,587,617
41,420.5,1689176,168715,263.61,258,539,586,622
42,430.6,1703575,170136,271.15,268,543,594,623
43,440.6,1694519,169333,271.92,269,543,592,622
44,450.6,1697922,169775,272.22,269,542,588,619
45,460.6,1696074,169557,272.40,269,545,592,620
46,470.6,1693685,169115,272.65,270,545,593,626
47,480.6,1700253,169652,265.82,260,542,586,613
48,490.6,1694860,169486,271.06,267,540,591,695
49,500.6,1692481,169130,272.87,271,541,586,619
50,510.6,1694145,169381,272.88,270,544,591,624
51,520.6,1704058,170355,272.68,270,541,591,620
52,530.6,1695789,169122,272.19,269,540,586,621
53,540.7,1700639,169538,264.37,258,540,588,633
54,550.7,1705378,170436,270.82,267,538,583,624
55,560.7,1692910,168919,272.43,269,539,587,617
56,570.7,1702753,170054,273.26,270,543,586,621
57,580.7,1702881,170186,272.48,270,544,594,624
58,590.8,1693019,168476,272.57,269,541,586,621
59,600.8,1683417,168174,266.51,261,543,588,626
60,610.8,1666193,166386,274.94,271,550,598,632
61,620.8,1600702,159862,286.34,283,571,607,626
62,630.8,1588400,158634,286.07,283,567,604,634
63,640.9,1579038,157557,286.66,284,568,605,623
64,650.9,1580349,157893,287.99,285,569,606,639
65,660.9,1581870,158124,279.04,273,567,605,629
66,670.9,1574286,157429,282.35,277,570,607,632
67,680.9,1676816,167548,275.56,272,549,599,634
68,690.9,1688465,168728,274.87,272,547,592,622
69,700.9,1676224,167572,274.78,272,545,591,626
70,710.9,1672612,167228,275.45,273,543,590,618
71,720.9,1598863,159615,281.44,278,563,603,643
72,730.9,1573953,156956,282.73,278,570,604,629
73,740.9,1584219,158295,288.39,285,573,605,625
74,750.9,1564754,156366,288.78,286,570,605,628
75,761.0,1588240,158018,288.44,286,570,606,630
76,771.0,1587051,158515,288.64,286,570,605,627
77,781.0,1576887,157233,286.55,283,570,606,621
78,791.1,1574740,157207,280.65,275,568,607,648
79,801.1,1579161,157617,286.18,283,570,603,627
80,811.1,1592482,159216,285.75,282,567,603,625
81,821.1,1685943,168561,273.82,271,547,594,625
82,831.1,1657494,165419,278.07,275,550,595,632
83,841.1,1576749,157470,287.97,284,573,607,625
84,851.1,1575140,157451,280.71,275,567,606,629
85,861.1,1572885,157037,285.16,281,571,608,638
86,871.1,1570989,157067,287.69,285,572,606,629
87,881.1,1576439,157534,288.88,286,572,605,636
88,891.2,1577278,157680,289.46,287,573,607,627
89,901.2,1573826,157241,287.28,284,570,605,627
90,911.2,1571479,157069,285.02,281,568,603,629
91,921.2,1583001,158205,281.54,277,568,609,643
92,931.2,1618997,161641,281.61,278,563,606,635
93,941.2,1684323,168230,273.46,270,543,590,624
94,951.2,1686183,168248,273.75,270,548,595,623
95,961.2,1685722,168353,273.87,270,544,595,628
96,971.3,1690591,168806,272.89,269,546,590,632
97,981.3,1677770,167258,268.27,263,537,585,618
98,991.3,1690467,168861,272.59,269,546,592,623
99,1001.3,1672477,167198,274.35,271,544,587,623
100,1011.3,1688446,168777,274.64,272,544,590,626
101,1021.3,1683918,168324,273.96,271,542,588,630
102,1031.3,1675557,167338,272.42,268,543,590,630
103,1041.3,1693222,169254,267.69,263,544,593,626
104,1051.3,1688981,168898,271.87,268,545,598,623
105,1061.3,1691193,168849,273.27,270,544,592,619
106,1071.4,1684446,168092,274.37,272,543,592,624
107,1081.4,1694699,169385,274.53,272,542,592,628
108,1091.4,1682099,168143,271.27,268,544,593,652
109,1101.4,1689549,168769,267.26,262,540,591,652
110,1111.4,1686239,168556,271.87,269,548,594,623
111,1121.4,1682282,168195,274.76,272,546,595,629
112,1131.4,1688407,168655,273.50,270,541,589,621
113,1141.4,1685959,168512,273.53,270,545,591,619
114,1151.4,1690344,169001,271.23,268,540,584,614
115,1161.4,1686603,168610,268.32,263,541,589,616
116,1171.4,1685442,168359,272.40,269,545,591,619
117,1181.4,1693372,168982,273.70,271,546,592,636
118,1191.4,1682410,168191,274.06,271,545,592,623
119,1201.5,1688272,168121,274.06,271,546,594,630
120,1211.5,1699321,169678,271.59,268,541,585,620
121,1221.5,1684093,168241,267.10,262,544,592,628
122,1231.5,1690537,168733,271.47,267,545,592,633
123,1241.5,1693201,169286,272.96,270,543,587,633
124,1251.5,1690922,169092,273.16,270,543,588,625
125,1261.5,1676923,167625,273.38,270,541,590,620
126,1271.5,1690206,169004,271.11,267,542,584,629
127,1281.6,1657844,165536,272.19,267,553,598,628
128,1291.6,1581585,157985,286.82,284,571,606,630
129,1301.6,1564459,156056,286.99,284,569,604,625
130,1311.6,1586981,158397,287.07,284,571,605,629
131,1321.6,1578736,157763,288.20,286,572,606,627
132,1331.6,1577626,157700,287.11,284,572,607,628
133,1341.6,1574007,157322,282.66,278,567,601,631
134,1351.7,1576294,157425,285.49,282,570,605,633
135,1361.7,1577695,157770,287.07,284,569,605,626
136,1371.7,1572703,157207,288.41,286,569,606,629
137,1381.7,1580665,157688,288.33,286,571,607,631
138,1391.7,1577535,157360,289.13,286,570,606,631
139,1401.7,1572184,156842,285.66,282,569,605,627
140,1411.7,1580439,157949,282.00,277,569,604,642
141,1421.7,1607438,160744,282.76,279,567,604,628
142,1431.7,1687251,168691,272.69,270,543,592,620
143,1441.7,1693970,169397,272.82,269,543,593,618
144,1451.8,1680960,167744,273.35,270,540,584,624
145,1461.8,1703483,169890,271.32,267,544,592,626
146,1471.8,1683384,168305,268.39,264,542,591,626
147,1481.8,1690885,169089,272.28,269,545,593,627
148,1491.8,1691588,169024,273.31,270,544,596,631
149,1501.8,1684699,168184,273.28,270,541,584,617
150,1511.8,1682211,168187,273.71,271,540,581,618
151,1521.8,1697268,169659,271.24,267,541,587,621
152,1531.8,1679131,167846,268.60,264,543,589,622
153,1541.8,1692118,169127,272.22,269,541,588,615
154,1551.8,1688319,168663,273.18,270,542,591,625
155,1561.9,1694949,169342,273.02,270,540,590,647
156,1571.9,1694297,169328,272.55,269,542,590,635
157,1581.9,1602087,160065,282.36,279,561,602,626
158,1591.9,1599777,159866,278.80,273,566,605,632
159,1601.9,1599865,159923,282.75,279,562,598,622
160,1611.9,1607032,160671,283.33,279,563,602,625
161,1621.9,1610751,161027,283.67,280,564,603,624
162,1631.9,1611270,161079,282.58,279,563,603,629
163,1641.9,1704511,170434,271.18,268,538,588,627
164,1651.9,1692083,169124,266.01,261,536,587,621
165,1661.9,1692233,169223,270.54,267,540,585,633
166,1671.9,1702628,170093,271.15,268,540,590,629
167,1681.9,1697529,169651,273.15,271,540,590,625
168,1691.9,1699993,169914,273.76,271,540,587,618
169,1701.9,1680483,167981,271.88,268,543,593,627
170,1711.9,1690124,168979,269.14,264,545,593,624
171,1721.9,1685031,168453,272.12,268,545,597,646
172,1731.9,1688609,168743,272.62,269,539,585,627
173,1741.9,1694789,169411,273.98,271,545,590,624
174,1752.0,1685663,168230,274.13,271,542,590,626
175,1762.0,1686702,168485,273.04,270,542,585,619
176,1772.0,1695981,169479,268.93,265,541,590,634
177,1782.0,1684976,168481,271.50,268,544,590,622
178,1792.0,1684896,168490,274.00,271,543,589,625
