batch,rate_mbs,rate_msg_s,client,crc,dur_min,p50,p90,p99,p999,max_ms,cpu_pct,rss_avg_mb,notes
armbatch,300,150000,rust,on,30,4,7,17,32,244,104,33.1,
armbatch,300,150000,librdkafka,off,30,4,6,16,31,1131,84,50.3,single-poll;one_outlier
armbatch,300,150000,java,on,30,4,6,17,31,222,109,662.4,heap
armbatch,200,100000,rust,on,15,4,6,15,29,230,87,23.2,
armbatch,200,100000,librdkafka,off,15,3,5,14,28,238,59,39.4,single-poll
armbatch,200,100000,java,on,15,4,5,15,28,139,96,627.9,heap
armbatch,100,50000,rust,on,15,3,5,12,27,149,54,20.6,
armbatch,100,50000,librdkafka,off,15,3,4,12,28,240,32,34.0,single-poll
armbatch,100,50000,java,on,15,3,5,13,27,230,70,656.3,heap
armbatch,50,25000,rust,on,15,3,4,11,27,240,28,20.0,
armbatch,50,25000,librdkafka,off,15,3,4,11,26,221,17,25.6,single-poll
armbatch,50,25000,java,on,15,3,4,11,27,217,42,628.2,heap
crcbatch,300,150000,rust,off,15,4,7,17,32,278,100,23.7,
crcbatch,300,150000,librdkafka,on,15,3,6,16,30,235,103,46.5,single-poll
crcbatch,300,150000,java,off,15,4,6,17,31,143,109,659.5,heap
crcbatch,200,100000,rust,off,15,3,6,15,29,227,85,23.1,
crcbatch,200,100000,librdkafka,on,15,3,5,14,28,126,71,34.3,single-poll
crcbatch,200,100000,java,off,15,3,5,15,29,234,96,650.9,heap
crcbatch,100,50000,rust,off,15,3,5,12,27,126,50,20.9,
crcbatch,100,50000,librdkafka,on,15,3,5,21,504,1579,38,48.8,single-poll;transient_spike
crcbatch,100,50000,java,off,15,3,5,2405,38203,44897,69,657.1,ANOMALY_env_transient_max45s
crcbatch,50,25000,rust,off,15,3,4,11,27,246,27,19.8,
crcbatch,50,25000,librdkafka,on,15,3,4,11,27,236,20,25.8,single-poll
crcbatch,50,25000,java,off,15,3,4,11,27,237,42,644.6,heap
