phase,run,partitions,rate_msg_s,approx_mbs,client,dur_s,warmup_min,thr_msg_s,p50_ms,p90_ms,p99_ms,p999_ms,max_ms,interval_p99_min,interval_p99_max,cpu_pct,rss_mb,notes
A,A-200p,200,150000,300,rust,1800,4,150000,4,7,20,35,307,18,22,119,130.9,intel_m8i_use1;default;crc_on
A,A-200p,200,150000,300,librdkafka,1800,4,150000,4,7,19,33,242,17,21,146,158.9,single_poll;crc_off
A,A-200p,200,150000,300,java,1800,4,149997,4,7,19,34,308,18,21,119,2208.9,rss=jvm_heap
A,A-36p,36,150000,300,rust,1800,4,150000,4,6,18,34,238,17,20,107,45.3,
A,A-36p,36,150000,300,librdkafka,1800,4,150000,4,6,17,31,226,16,18,113,57.3,single_poll
A,A-36p,36,150000,300,java,1800,4,149997,4,6,17,32,181,17,18,117,840.7,rss=jvm_heap
B,B-200mbs,36,100000,200,rust,900,4,99999,3,6,15,29,150,,,92,26.1,
B,B-200mbs,36,100000,200,librdkafka,900,4,99999,3,5,15,30,144,,,81,48.0,single_poll
B,B-200mbs,36,100000,200,java,900,4,99994,3,6,15,30,243,,,102,760.3,rss=jvm_heap
B,B-100mbs,36,50000,100,rust,900,4,50000,3,5,13,27,219,,,56,22.8,
B,B-100mbs,36,50000,100,librdkafka,900,4,50000,3,5,13,27,231,,,44,30.4,single_poll
B,B-100mbs,36,50000,100,java,900,4,49997,3,5,13,29,284,,,73,648.7,rss=jvm_heap
B,B-50mbs,36,25000,50,rust,900,4,25000,3,5,12,29,1618,,,32,22.0,single_~1.6s_outlier_p999_29
B,B-50mbs,36,25000,50,librdkafka,900,4,25000,3,4,12,26,273,,,23,single_poll
B,B-50mbs,36,25000,50,java,900,4,24998,3,4,12,28,1504,,,46,342.0,single_~1.5s_outlier_p999_28
