t,cpu_pct,rss_mb
09:07:21,3.2,15.3
09:07:31,3.5,15.3
09:07:41,3.4,15.3
09:07:51,3.5,15.3
09:08:01,3.5,15.3
09:08:11,3.3,15.3
09:08:21,3.4,19.6
09:08:31,3.5,19.6
09:08:41,3.6,19.6
09:08:51,3.4,19.6
09:09:01,3.4,19.6
09:09:11,3.6,19.6
09:09:21,3.5,19.6
09:09:31,3.4,19.6
09:09:41,3.6,19.6
09:09:51,3.3,19.6
09:10:01,3.5,19.6
09:10:11,3.5,19.6
09:10:22,3.4,19.6
09:10:32,3.5,19.6
09:10:42,3.4,19.6
09:10:52,3.5,19.6
09:11:02,3.4,19.6
09:11:12,3.4,19.6
09:11:22,3.6,19.6
09:11:32,3.5,19.6
09:11:42,3.5,19.6
09:11:52,3.4,19.6
09:12:02,3.5,20.3
09:12:12,3.5,20.3
09:12:22,3.5,20.3
09:12:32,3.4,20.3
09:12:42,3.5,20.3
