epoch,cpu_pct,rss_mb
1781158081,41.1,213.0
1781158096,40.2,213.5
1781158111,41.5,213.8
1781158126,40.7,213.8
1781158141,41.9,213.8
1781158156,40.0,213.8
1781158171,41.2,213.8
1781158186,41.9,214.0
1781158201,41.8,214.0
1781158216,41.6,214.0
1781158231,40.7,214.0
1781158246,41.7,214.0
1781158261,38.3,214.0
1781158276,39.5,214.0
1781158291,41.3,214.0
1781158306,39.9,214.0
1781158321,38.2,214.3
1781158336,38.1,214.6
1781158351,40.9,214.6
1781158366,41.7,214.6
1781158381,41.1,214.6
1781158396,41.8,214.6
1781158411,41.5,214.6
1781158426,40.9,214.6
1781158441,41.3,214.6
1781158456,41.5,214.8
1781158471,40.8,214.8
1781158486,41.1,214.8
1781158501,40.1,214.8
1781158516,41.5,214.8
1781158531,38.9,214.8
1781158546,38.9,215.1
1781158561,41.3,215.1
1781158576,40.1,215.1
1781158591,42.1,215.1
1781158606,40.5,215.1
1781158621,38.7,215.1
1781158636,40.3,215.1
1781158651,39.3,215.1
1781158666,38.5,215.1
1781158681,41.5,215.1
1781158696,38.7,215.6
1781158711,41.0,215.6
1781158726,41.4,215.6
1781158741,41.7,215.6
1781158756,42.0,215.6
1781158771,41.5,215.6
1781158786,41.5,215.6
1781158801,40.9,215.6
1781158816,39.3,215.6
1781158831,41.7,215.6
1781158846,41.1,215.6
1781158861,41.1,215.6
1781158876,41.8,215.6
1781158891,40.7,215.6
1781158906,39.7,215.6
1781158921,40.4,215.6
1781158936,40.1,215.6
1781158951,38.9,215.6
1781158966,38.9,215.6
1781158981,38.6,215.6
1781158996,39.1,215.6
1781159011,38.7,215.6
1781159026,39.9,215.6
1781159041,40.2,215.6
1781159056,41.1,215.6
1781159071,41.2,215.6
1781159086,39.8,215.6
1781159101,40.8,215.6
1781159117,38.8,215.6
1781159132,41.6,215.6
1781159147,41.9,215.6
1781159162,41.1,215.6
1781159177,39.3,215.6
1781159192,40.3,215.6
1781159207,40.8,215.6
1781159222,41.7,215.6
1781159237,41.6,215.6
1781159252,41.9,215.6
1781159267,41.3,215.6
1781159282,41.2,215.6
1781159297,41.6,215.6
1781159312,41.3,215.6
1781159327,41.5,215.6
1781159342,41.3,215.6
1781159357,40.7,215.6
1781159372,40.5,215.6
1781159387,40.7,215.6
1781159402,38.5,215.6
1781159417,40.9,215.6
1781159432,40.1,215.6
1781159447,40.5,215.8
1781159462,38.9,215.8
1781159477,39.1,215.8
1781159492,38.9,215.8
1781159507,38.0,215.8
1781159522,39.1,215.8
1781159537,38.2,215.8
1781159552,40.5,215.8
1781159567,41.9,215.8
1781159582,41.5,215.8
1781159597,41.1,215.8
1781159612,39.9,215.8
1781159627,38.8,215.8
1781159642,38.8,215.8
1781159657,39.2,215.8
1781159672,41.6,215.8
1781159687,41.2,215.8
1781159702,41.3,215.8
1781159717,41.1,216.1
1781159732,41.0,216.1
1781159747,40.4,216.1
1781159762,40.5,216.1
1781159777,40.3,216.1
1781159792,39.7,216.1
1781159807,40.9,216.1
1781159822,41.1,216.1
1781159837,40.5,216.1
1781159852,39.7,216.1
1781159867,41.6,216.1
1781159882,40.9,216.1
1781159897,40.7,216.1
1781159912,41.1,216.1
1781159927,40.7,216.1
1781159942,41.2,216.1
1781159957,41.9,216.1
1781159972,39.3,216.1
1781159987,39.3,216.1
1781160002,40.5,216.1
1781160017,41.2,216.1
1781160032,41.7,216.1
1781160047,41.8,216.1
1781160062,38.9,216.1
1781160077,40.4,216.1
1781160092,38.9,216.1
1781160107,38.5,216.1
1781160122,40.5,216.1
1781160137,40.6,216.1
1781160152,39.7,216.1
1781160167,39.9,216.1
1781160182,38.0,216.1
1781160197,38.9,216.1
1781160212,40.4,216.1
1781160227,40.3,216.1
1781160242,41.4,216.1
1781160257,40.5,216.1
1781160272,37.7,216.1
1781160287,40.1,216.1
1781160302,39.7,216.1
1781160317,41.7,216.1
1781160332,41.9,216.1
1781160347,41.6,216.1
1781160362,41.7,216.1
1781160377,41.7,216.1
1781160392,41.1,216.1
1781160407,40.3,216.1
1781160422,38.7,216.1
1781160437,39.0,216.1
1781160452,38.8,216.1
1781160467,39.1,216.1
1781160482,39.9,216.1
1781160497,38.1,216.1
1781160512,40.5,216.1
1781160527,41.1,216.1
1781160542,40.8,216.1
1781160557,38.5,216.1
1781160572,41.3,216.1
1781160587,41.1,216.1
1781160602,41.5,216.1
1781160617,41.9,216.1
1781160632,41.1,216.1
1781160647,41.0,216.1
1781160662,41.5,216.1
1781160677,38.6,216.1
1781160692,38.8,216.1
1781160707,40.7,216.1
1781160722,41.8,216.1
1781160737,39.7,216.1
1781160752,40.7,216.1
1781160767,40.6,216.1
1781160782,38.7,216.1
1781160797,41.3,216.1
1781160812,40.9,216.1
1781160827,40.7,216.4
1781160842,39.0,216.4
1781160857,40.1,216.4
1781160872,41.5,216.4
1781160887,40.3,216.4
1781160902,40.1,216.4
1781160917,42.1,216.4
1781160932,41.2,216.4
1781160947,40.6,216.4
1781160962,40.8,216.4
1781160977,41.1,216.4
1781160992,39.3,216.4
1781161007,39.7,216.4
1781161022,40.3,216.4
1781161037,40.2,216.4
1781161052,40.5,216.4
1781161067,40.8,216.4
1781161082,40.9,216.4
1781161097,41.3,216.4
1781161112,41.1,216.4
1781161127,40.7,216.4
1781161142,41.3,216.4
1781161157,41.7,216.4
1781161172,40.9,216.4
1781161187,41.7,216.4
1781161202,40.5,216.4
1781161217,39.3,216.4
1781161232,40.7,216.4
1781161247,40.3,216.4
1781161262,40.8,216.4
1781161277,41.5,216.4
1781161292,41.7,216.4
1781161307,41.5,216.4
1781161322,41.7,216.4
1781161337,41.1,216.4
1781161352,40.7,216.4
1781161367,38.9,216.4
1781161382,40.6,216.4
1781161397,40.1,216.4
1781161412,40.9,216.4
1781161427,38.9,216.4
1781161442,42.1,216.4
1781161457,41.1,216.4
1781161472,40.1,216.4
1781161487,41.3,216.4
1781161502,41.6,216.4
1781161517,41.5,216.4
1781161532,41.0,216.4
1781161547,41.3,216.4
1781161562,41.5,216.4
1781161577,41.0,216.4
1781161592,41.1,216.4
1781161607,41.3,216.4
1781161622,41.7,216.4
1781161637,40.1,216.6
1781161652,38.5,216.6
