run_group,setting,client,partitions,msg_bytes,producer,batch_or_maxpoll,duration_s,throughput_msg_s,lat_min_ms,lat_avg_ms,lat_stddev_ms,lat_p50_ms,lat_p90_ms,lat_p95_ms,lat_p99_ms,lat_p999_ms,lat_max_ms,cpu_pct,rss_mb,notes
longrun-200p-2kb-300mbs,same-az,librdkafka,200,2048,fixed-300MBs,2000,1800,149997,3,256.05,139.65,254,448,481,522,539,651,35.8,327.5,
longrun-200p-2kb-300mbs,same-az,rust,200,2048,fixed-300MBs,2500,1800,150001,4,289.95,146.00,286,486,524,580,763,1359,33.8,115.4,
longrun-200p-2kb-300mbs,same-az,java,200,2048,fixed-300MBs,2500,1800,149954,4,284.26,142.52,281,479,516,565,588,692,58.5,4868,rss_grew_1116_to_7556MB_jvm_heap
quick60-12p-1kb-200k,same-az,librdkafka,12,1024,fixed-200k-msgs,2500,60,200903,4,142.33,72.82,141,239,256,283,439,591,,87.1,cpu_not_captured
quick60-12p-1kb-200k,same-az,rust,12,1024,fixed-200k-msgs,2500,60,201389,18,171.21,75.12,169,268,286,321,518,673,26.2,54.2,
quick60-12p-1kb-200k,same-az,java,12,1024,fixed-200k-msgs,2500,60,201037,22,171.80,78.46,169,268,285,326,674,890,45.5,754.2,
crossaz-200k-12p-1kb,cross-az,librdkafka-repo-A,12,1024,fixed-200k-msgs,2000,600,200011,4,142.31,,141,239,255,279,303,501,22.8,91.4,exact_hist_per_batch;pre_stddev;rss_peak_rumaxrss
crossaz-200k-12p-1kb,cross-az,librdkafka-ghport-B,12,1024,fixed-200k-msgs,2000,600,200000,6,148.11,66.68,145,240,255,280,303,783,32.0,97.2,RESERVOIR_pctiles+per_record_clock_byte_sum;methodology_differs;cpu_inflated
crossaz-200k-12p-1kb,cross-az,rust,12,1024,fixed-200k-msgs,2000,600,200040,20,184.21,,183,282,299,331,446,757,26.1,70.2,pre_stddev
crossaz-peak-12p-1kb,cross-az,rust,12,1024,peak-1prod,2000,300,293541,29,147.05,,145,215,235,276,340,569,42.5,52.6,single_unbounded_producer;pre_stddev
crossaz-peak-200p-2kb,cross-az,java,200,2048,peak-1prod,2500,1800,166211,5,275.39,,272,454,491,551,597,796,64.1,1177,single_unbounded_producer;pre_stddev
default-200p-2kb-300mbs,same-az,librdkafka-single-poll,200,2048,fixed-300MBs,single-poll,1800,150000,1,4.94,3.60,4,8,11,20,34,247,122.2,77.4,single_message_rd_kafka_consumer_poll;CRC_default_off
default-200p-2kb-300mbs,same-az,rust,200,2048,fixed-300MBs,500,1800,150000,1,5.31,3.93,4,8,12,20,36,265,109.6,34.5,fetch.min.bytes=1_default;CRC_default_on
default-200p-2kb-300mbs,same-az,java,200,2048,fixed-300MBs,500,1800,149997,1,5.32,3.70,4,8,12,21,35,235,114.5,881,fetch.min.bytes=1_default;CRC_default_on;rss=jvm_heap
default-36p-2kb-300mbs,same-az,librdkafka-single-poll,36,2048,fixed-300MBs,single-poll,1800,150000,1,4.17,2.92,4,6,8,16,30,234,84.9,54.4,single_poll;CRC_default_off;4min_warmup;TLSfix_d5b0e50
default-36p-2kb-300mbs,same-az,rust,36,2048,fixed-300MBs,500,1800,150000,1,4.80,3.68,4,7,10,18,35,255,104.0,38.5,fetch.min=1;CRC_default_on;4min_warmup;TLSfix_d5b0e50
default-36p-2kb-300mbs,same-az,java,36,2048,fixed-300MBs,500,1800,149997,1,4.48,2.94,4,6,9,17,31,228,108.5,674,fetch.min=1;CRC_default_on;4min_warmup;TLSfix_d5b0e50;rss=jvm_heap
